Base	G	A	T	C	sample
1	9.797435951381866	27.771808025754158	42.110433643694144	20.320322379169827	ERR187494
2	21.149581251558434	34.33958760077875	21.096726074272837	23.41410507338998	ERR187494
3	17.056493916138834	32.26242576320279	19.055192014753626	31.62588830590475	ERR187494
4	29.37470863486534	23.401960862822353	18.10000648481243	29.123324017499886	ERR187494
5	30.428632033242764	24.574267884579818	22.029107198987116	22.967992883190306	ERR187494
6	32.07609232896827	21.87482532722295	20.45853919861229	25.59054314519649	ERR187494
7	23.092938990564825	31.665108634658402	13.091032926549337	32.15091944822744	ERR187494
8	19.624055121163998	29.852597174415425	25.867501694980188	24.65584600944039	ERR187494
9	21.02956974137506	21.360618833356938	31.547165035940456	26.062646389327547	ERR187494
10	24.3680047632222	26.679461336346357	26.590778982156444	22.361754918275004	ERR187494
11	32.83422831004918	27.639103184186947	20.365023636900037	19.16164486886384	ERR187494
12	25.072388040720057	15.698650965137242	32.57761715620901	26.651343837933688	ERR187494
13	20.530381938175072	23.227478220785017	25.337776838527486	30.904363002512426	ERR187494
14	22.750090122000696	20.246739593264024	21.626579647123695	35.376590637611585	ERR187494
15	29.828080562135018	23.452233627553834	14.794448109683778	31.925237700627367	ERR187494
16	23.790332330268456	28.731638433158857	18.127124107376407	29.350905129196285	ERR187494
17	31.56310317263803	15.459998206919312	29.380804647313436	23.596093973129225	ERR187494
18	25.297564278048146	23.67545109817707	22.064973853566542	28.962010770208245	ERR187494
19	31.23149736126298	21.8800843385437	23.163782344095594	23.72463595609772	ERR187494
20	43.420774996108214	14.646454427696801	27.59313757268969	14.339633003505291	ERR187494
21	37.19479246090486	16.15451705126417	24.037197094764156	22.613493393066815	ERR187494
22	25.610676590100223	15.501705123113533	45.55237607829581	13.335242208490437	ERR187494
23	27.392675076247762	23.5147375645491	29.697174336708663	19.395413022494466	ERR187494
24	20.646730424888084	25.550496585592946	35.30903578459782	18.493737204921157	ERR187494
25	19.40819856583875	24.19009132989156	23.018791878684063	33.38291822558563	ERR187494
26	15.325292342795382	19.532551751054537	35.14293148395555	29.999224422194537	ERR187494
27	10.497329556911795	17.98826004029252	39.132767363430006	32.381643039365684	ERR187494
28	13.86033496934171	20.93625865427439	34.12359585944424	31.07981051693966	ERR187494
