Base	G	A	T	C	sample
1	14.501866029095481	30.94953932521699	32.46277325311686	22.085821392570672	ERR187664
2	20.605161058958267	40.533344911044175	18.81198950451077	20.049504525486785	ERR187664
3	20.417685144189434	30.146108853732933	20.88023440211639	28.555971599961243	ERR187664
4	27.645421915383395	28.663659877268827	17.737759753831178	25.9531584535166	ERR187664
5	27.002753876264197	30.44673038822861	21.60901236484801	20.941503370659188	ERR187664
6	27.40373329591812	27.003343085327536	22.197851094480857	23.395072524273488	ERR187664
7	24.571422823724866	32.015484173592704	15.77896069881423	27.6341323038682	ERR187664
8	21.35923164025937	28.451358338335673	25.085317950170293	25.104092071234657	ERR187664
9	22.2896443999324	26.958258182461286	29.065867608385894	21.68622980922042	ERR187664
10	23.533916454510734	27.505637391314796	21.475682993291056	27.484763160883407	ERR187664
11	29.341647699579987	25.303430461006293	23.01173052681773	22.343191312595987	ERR187664
12	23.813734729690815	18.638276724666163	31.095380530634813	26.45260801500821	ERR187664
13	24.512785643834782	24.293667654451447	26.087697725593046	25.105848976120726	ERR187664
14	23.495191501011153	26.82699412147384	21.75336781362197	27.924446563893035	ERR187664
15	28.228342255827215	27.207805189150736	20.20859625561872	24.355256299403326	ERR187664
16	22.53069135858795	30.539720010724096	22.05470517432917	24.874883456358777	ERR187664
17	29.511716915073492	21.386911465192668	27.494896010584995	21.60647560914884	ERR187664
18	25.734877065570604	20.3244138901434	22.4198266393158	31.52088240497019	ERR187664
19	26.390750482412944	22.339576010398236	25.747052810539156	25.522620696649668	ERR187664
20	37.31868625735719	19.185514881077882	22.497436639066613	20.998362222498315	ERR187664
21	28.303442328475764	24.147745498151885	20.538802994487735	27.01000917888462	ERR187664
22	24.500034960193364	21.509019044393963	33.19264711729213	20.79829887812054	ERR187664
23	24.925168635928607	25.67357072979155	25.759989456384634	23.641271177895202	ERR187664
24	21.83969786563256	26.486330743276078	25.07589878015607	26.59807261093529	ERR187664
25	19.26094039434191	22.67051150932819	18.38406504493705	39.684483051392846	ERR187664
26	15.065621787128277	17.775420394364357	27.255985267034994	39.902972551472374	ERR187664
27	9.802121037569652	18.322482662099247	26.479508503554673	45.39588779677642	ERR187664
28	14.61472439443067	23.186697910138687	24.275905288684232	37.92267240674641	ERR187664
