Base	G	A	T	C	sample
1	13.394085405206813	35.09908894524279	30.227833471577682	21.278992177972718	ERR187490
2	19.490834746613686	38.45276792573901	22.443519966721816	19.61287736092549	ERR187490
3	19.557715154271435	28.66584702058146	21.020530966382328	30.75590685876478	ERR187490
4	26.261920255193026	25.740328433668385	18.78401245520426	29.21373885593433	ERR187490
5	26.49330762613739	30.47689310174752	19.230170712711537	23.799628559403555	ERR187490
6	30.42026141008014	26.150465468797744	19.49230423162701	23.936968889495102	ERR187490
7	28.171271115840256	29.148478649701527	16.151260497869057	26.52898973658916	ERR187490
8	21.19939366787604	30.307977683420933	23.17536118246068	25.31726746624235	ERR187490
9	21.754218458163574	23.98907908881379	26.54718874329265	27.70951370972999	ERR187490
10	25.51967960705217	26.774054621888315	21.86676593854312	25.83949983251639	ERR187490
11	26.878689490657653	28.420782135282295	21.434247516287737	23.266280857772315	ERR187490
12	27.986153683264188	18.87707983938152	29.688194119723843	23.44857235763045	ERR187490
13	22.52660238862905	22.879429508238726	25.18369504644138	29.41027305669085	ERR187490
14	21.132513260218293	25.39974702250309	20.222073096706055	33.245666620572564	ERR187490
15	25.125217078731616	26.36651744485946	19.00631916234833	29.501946314060596	ERR187490
16	22.542729044672722	27.044063073311097	19.39482839240977	31.018379489606406	ERR187490
17	27.40578246120654	21.293968216169535	23.521142309826974	27.779107012796956	ERR187490
18	23.269887596960046	24.814207274311777	18.51694937417293	33.398955754555246	ERR187490
19	24.779405786323228	22.826867362345947	23.74525772395555	28.64846912737527	ERR187490
20	34.20788523314511	18.967208044853248	23.009686945070733	23.815219776930903	ERR187490
21	27.117671659464143	23.198319158779622	21.52525343968738	28.15875574206885	ERR187490
22	23.223792703285966	21.82193900403111	31.568365975813347	23.38590231686958	ERR187490
23	22.20025873391554	27.185001333170938	24.07739633361533	26.53734359929819	ERR187490
24	20.04622542142318	27.919259028669142	22.585531954815078	29.4489835950926	ERR187490
25	18.967694298917877	23.912596910638946	16.591130117750826	40.52857867269235	ERR187490
26	14.696629213483146	17.76562275878556	22.36213244083194	45.175615586899355	ERR187490
27	10.57025518661489	17.08700664781494	21.04242785772873	51.300310307841436	ERR187490
28	13.179819341259599	23.89593956326188	21.985993309863566	40.938247785614955	ERR187490
